address,address_hex,first_frame,fceux_value,interp_value,region,name,critical
6,0006,1,255,0,ZERO_PAGE,,false
7,0007,1,255,7,ZERO_PAGE,,false
510,01fe,1,255,45,STACK,,false
511,01ff,1,255,128,STACK,,false
1900,076c,1,255,0,GAME_STATE,,false
1901,076d,1,255,0,GAME_STATE,,false
1902,076e,1,255,0,GAME_STATE,,false
1903,076f,1,255,0,GAME_STATE,,false
1908,0774,1,255,0,GAME_STATE,,false
1909,0775,1,255,0,GAME_STATE,,false
1910,0776,1,255,0,GAME_STATE,,false
1911,0777,1,255,0,GAME_STATE,,false
1916,077c,1,255,0,GAME_STATE,,false
1917,077d,1,255,0,GAME_STATE,,false
1918,077e,1,255,0,GAME_STATE,,false
1919,077f,1,255,0,GAME_STATE,IntervalTimerControl,true
1924,0784,1,255,0,GAME_STATE,,false
1925,0785,1,255,0,GAME_STATE,,false
1926,0786,1,255,0,GAME_STATE,,false
1927,0787,1,255,0,GAME_STATE,,false
1932,078c,1,255,0,GAME_STATE,,false
1933,078d,1,255,0,GAME_STATE,,false
1934,078e,1,255,0,GAME_STATE,,false
1935,078f,1,255,0,GAME_STATE,,false
1940,0794,1,255,0,GAME_STATE,,false
1941,0795,1,255,0,GAME_STATE,,false
1942,0796,1,255,0,GAME_STATE,,false
1943,0797,1,255,0,GAME_STATE,,false
1948,079c,1,255,0,GAME_STATE,,false
1949,079d,1,255,0,GAME_STATE,,false
1950,079e,1,255,0,GAME_STATE,,false
1951,079f,1,255,0,GAME_STATE,,false
1956,07a4,1,255,0,GAME_STATE,,false
1957,07a5,1,255,0,GAME_STATE,,false
1958,07a6,1,255,0,GAME_STATE,,false
1959,07a7,1,255,0,GAME_STATE,,false
1964,07ac,1,255,0,GAME_STATE,,false
1965,07ad,1,255,0,GAME_STATE,,false
1966,07ae,1,255,0,GAME_STATE,,false
1967,07af,1,255,0,GAME_STATE,,false
1972,07b4,1,255,0,GAME_STATE,,false
1973,07b5,1,255,0,GAME_STATE,,false
1974,07b6,1,255,0,GAME_STATE,,false
1975,07b7,1,255,0,GAME_STATE,,false
1980,07bc,1,255,0,GAME_STATE,,false
1981,07bd,1,255,0,GAME_STATE,,false
1982,07be,1,255,0,GAME_STATE,,false
1983,07bf,1,255,0,GAME_STATE,,false
1988,07c4,1,255,0,GAME_STATE,,false
1989,07c5,1,255,0,GAME_STATE,,false
1990,07c6,1,255,0,GAME_STATE,,false
1991,07c7,1,255,0,GAME_STATE,,false
1996,07cc,1,255,0,GAME_STATE,,false
1997,07cd,1,255,0,GAME_STATE,,false
1998,07ce,1,255,0,GAME_STATE,,false
1999,07cf,1,255,0,GAME_STATE,,false
2004,07d4,1,255,0,GAME_STATE,,false
2005,07d5,1,255,0,GAME_STATE,,false
2006,07d6,1,255,0,GAME_STATE,,false
2007,07d7,1,255,0,GAME_STATE,,false
2012,07dc,1,255,0,GAME_STATE,,false
2013,07dd,1,255,0,GAME_STATE,,false
2014,07de,1,255,0,GAME_STATE,,false
2015,07df,1,255,0,GAME_STATE,,false
2020,07e4,1,255,0,GAME_STATE,,false
2021,07e5,1,255,0,GAME_STATE,,false
2022,07e6,1,255,0,GAME_STATE,,false
2023,07e7,1,255,0,GAME_STATE,,false
2028,07ec,1,255,0,GAME_STATE,,false
2029,07ed,1,255,0,GAME_STATE,,false
2030,07ee,1,255,0,GAME_STATE,,false
2031,07ef,1,255,0,GAME_STATE,,false
2036,07f4,1,255,0,GAME_STATE,,false
2037,07f5,1,255,0,GAME_STATE,,false
2038,07f6,1,255,0,GAME_STATE,,false
2039,07f7,1,255,0,GAME_STATE,,false
2044,07fc,1,255,0,GAME_STATE,,false
2045,07fd,1,255,0,GAME_STATE,,false
2046,07fe,1,255,0,GAME_STATE,,false
46,002e,2,255,0,ZERO_PAGE,,false
47,002f,2,255,0,ZERO_PAGE,,false
52,0034,2,255,0,ZERO_PAGE,,false
53,0035,2,255,0,ZERO_PAGE,,false
54,0036,2,255,0,ZERO_PAGE,,false
55,0037,2,255,0,ZERO_PAGE,,false
60,003c,2,255,0,ZERO_PAGE,,false
61,003d,2,255,0,ZERO_PAGE,,false
62,003e,2,255,0,ZERO_PAGE,,false
63,003f,2,255,0,ZERO_PAGE,,false
68,0044,2,255,0,ZERO_PAGE,,false
69,0045,2,255,0,ZERO_PAGE,,false
70,0046,2,255,0,ZERO_PAGE,,false
71,0047,2,255,0,ZERO_PAGE,,false
76,004c,2,255,0,ZERO_PAGE,,false
77,004d,2,255,0,ZERO_PAGE,,false
78,004e,2,255,0,ZERO_PAGE,,false
79,004f,2,255,0,ZERO_PAGE,,false
84,0054,2,255,0,ZERO_PAGE,,false
85,0055,2,255,0,ZERO_PAGE,,false
86,0056,2,255,0,ZERO_PAGE,,false
87,0057,2,255,0,ZERO_PAGE,Player_X_Speed,true
92,005c,2,255,0,ZERO_PAGE,,false
93,005d,2,255,0,ZERO_PAGE,,false
94,005e,2,255,0,ZERO_PAGE,,false
95,005f,2,255,0,ZERO_PAGE,,false
100,0064,2,255,0,ZERO_PAGE,,false
101,0065,2,255,0,ZERO_PAGE,,false
102,0066,2,255,0,ZERO_PAGE,,false
103,0067,2,255,0,ZERO_PAGE,,false
108,006c,2,255,0,ZERO_PAGE,,false
109,006d,2,255,0,ZERO_PAGE,Player_PageLoc,true
110,006e,2,255,0,ZERO_PAGE,,false
111,006f,2,255,0,ZERO_PAGE,,false
116,0074,2,255,0,ZERO_PAGE,,false
117,0075,2,255,0,ZERO_PAGE,,false
118,0076,2,255,0,ZERO_PAGE,,false
119,0077,2,255,0,ZERO_PAGE,,false
124,007c,2,255,0,ZERO_PAGE,,false
125,007d,2,255,0,ZERO_PAGE,,false
126,007e,2,255,0,ZERO_PAGE,,false
127,007f,2,255,0,ZERO_PAGE,,false
132,0084,2,255,0,ZERO_PAGE,,false
133,0085,2,255,0,ZERO_PAGE,,false
134,0086,2,255,0,ZERO_PAGE,Player_X_Position,true
135,0087,2,255,0,ZERO_PAGE,,false
140,008c,2,255,0,ZERO_PAGE,,false
141,008d,2,255,0,ZERO_PAGE,,false
142,008e,2,255,0,ZERO_PAGE,,false
143,008f,2,255,0,ZERO_PAGE,,false
148,0094,2,255,0,ZERO_PAGE,,false
149,0095,2,255,0,ZERO_PAGE,,false
150,0096,2,255,0,ZERO_PAGE,,false
151,0097,2,255,0,ZERO_PAGE,,false
156,009c,2,255,0,ZERO_PAGE,,false
157,009d,2,255,0,ZERO_PAGE,,false
158,009e,2,255,0,ZERO_PAGE,,false
159,009f,2,255,0,ZERO_PAGE,Player_Y_Speed,true
164,00a4,2,255,0,ZERO_PAGE,,false
165,00a5,2,255,0,ZERO_PAGE,,false
166,00a6,2,255,0,ZERO_PAGE,,false
167,00a7,2,255,0,ZERO_PAGE,,false
172,00ac,2,255,0,ZERO_PAGE,,false
173,00ad,2,255,0,ZERO_PAGE,,false
174,00ae,2,255,0,ZERO_PAGE,,false
175,00af,2,255,0,ZERO_PAGE,,false
180,00b4,2,255,0,ZERO_PAGE,,false
181,00b5,2,255,0,ZERO_PAGE,,false
182,00b6,2,255,0,ZERO_PAGE,,false
183,00b7,2,255,0,ZERO_PAGE,,false
188,00bc,2,255,0,ZERO_PAGE,,false
189,00bd,2,255,0,ZERO_PAGE,,false
190,00be,2,255,0,ZERO_PAGE,,false
191,00bf,2,255,0,ZERO_PAGE,,false
196,00c4,2,255,0,ZERO_PAGE,,false
197,00c5,2,255,0,ZERO_PAGE,,false
198,00c6,2,255,0,ZERO_PAGE,,false
199,00c7,2,255,0,ZERO_PAGE,,false
204,00cc,2,255,0,ZERO_PAGE,,false
205,00cd,2,255,0,ZERO_PAGE,,false
206,00ce,2,255,0,ZERO_PAGE,Player_Y_Position,true
207,00cf,2,255,0,ZERO_PAGE,,false
212,00d4,2,255,0,ZERO_PAGE,,false
213,00d5,2,255,0,ZERO_PAGE,,false
214,00d6,2,255,0,ZERO_PAGE,,false
215,00d7,2,255,0,ZERO_PAGE,,false
220,00dc,2,255,0,ZERO_PAGE,,false
221,00dd,2,255,0,ZERO_PAGE,,false
222,00de,2,255,0,ZERO_PAGE,,false
223,00df,2,255,0,ZERO_PAGE,,false
228,00e4,2,255,0,ZERO_PAGE,,false
229,00e5,2,255,0,ZERO_PAGE,,false
230,00e6,2,255,0,ZERO_PAGE,,false
231,00e7,2,255,0,ZERO_PAGE,,false
236,00ec,2,255,0,ZERO_PAGE,,false
237,00ed,2,255,0,ZERO_PAGE,,false
238,00ee,2,255,0,ZERO_PAGE,,false
239,00ef,2,255,0,ZERO_PAGE,,false
244,00f4,2,255,0,ZERO_PAGE,,false
245,00f5,2,255,0,ZERO_PAGE,,false
246,00f6,2,255,0,ZERO_PAGE,,false
247,00f7,2,255,0,ZERO_PAGE,,false
252,00fc,2,255,0,ZERO_PAGE,,false
253,00fd,2,255,0,ZERO_PAGE,,false
254,00fe,2,255,0,ZERO_PAGE,,false
255,00ff,2,255,0,ZERO_PAGE,,false
260,0104,2,255,0,STACK,,false
261,0105,2,255,0,STACK,,false
262,0106,2,255,0,STACK,,false
263,0107,2,255,0,STACK,,false
268,010c,2,255,0,STACK,,false
269,010d,2,255,0,STACK,,false
270,010e,2,255,0,STACK,,false
271,010f,2,255,0,STACK,,false
276,0114,2,255,0,STACK,,false
277,0115,2,255,0,STACK,,false
278,0116,2,255,0,STACK,,false
279,0117,2,255,0,STACK,,false
284,011c,2,255,0,STACK,,false
285,011d,2,255,0,STACK,,false
286,011e,2,255,0,STACK,,false
287,011f,2,255,0,STACK,,false
292,0124,2,255,0,STACK,,false
293,0125,2,255,0,STACK,,false
294,0126,2,255,0,STACK,,false
295,0127,2,255,0,STACK,,false
300,012c,2,255,0,STACK,,false
301,012d,2,255,0,STACK,,false
302,012e,2,255,0,STACK,,false
303,012f,2,255,0,STACK,,false
308,0134,2,255,0,STACK,,false
309,0135,2,255,0,STACK,,false
310,0136,2,255,0,STACK,,false
311,0137,2,255,0,STACK,,false
316,013c,2,255,0,STACK,,false
317,013d,2,255,0,STACK,,false
318,013e,2,255,0,STACK,,false
319,013f,2,255,0,STACK,,false
324,0144,2,255,0,STACK,,false
325,0145,2,255,0,STACK,,false
326,0146,2,255,0,STACK,,false
327,0147,2,255,0,STACK,,false
332,014c,2,255,0,STACK,,false
333,014d,2,255,0,STACK,,false
334,014e,2,255,0,STACK,,false
335,014f,2,255,0,STACK,,false
340,0154,2,255,0,STACK,,false
341,0155,2,255,0,STACK,,false
342,0156,2,255,0,STACK,,false
343,0157,2,255,0,STACK,,false
348,015c,2,255,0,STACK,,false
349,015d,2,255,0,STACK,,false
350,015e,2,255,0,STACK,,false
351,015f,2,255,0,STACK,,false
516,0204,2,255,0,OAM_BUFFER,,false
517,0205,2,255,0,OAM_BUFFER,,false
518,0206,2,255,0,OAM_BUFFER,,false
519,0207,2,255,0,OAM_BUFFER,,false
524,020c,2,255,0,OAM_BUFFER,,false
525,020d,2,255,0,OAM_BUFFER,,false
526,020e,2,255,0,OAM_BUFFER,,false
527,020f,2,255,0,OAM_BUFFER,,false
532,0214,2,255,0,OAM_BUFFER,,false
533,0215,2,255,0,OAM_BUFFER,,false
534,0216,2,255,0,OAM_BUFFER,,false
535,0217,2,255,0,OAM_BUFFER,,false
540,021c,2,255,0,OAM_BUFFER,,false
541,021d,2,255,0,OAM_BUFFER,,false
542,021e,2,255,0,OAM_BUFFER,,false
543,021f,2,255,0,OAM_BUFFER,,false
548,0224,2,255,0,OAM_BUFFER,,false
549,0225,2,255,0,OAM_BUFFER,,false
550,0226,2,255,0,OAM_BUFFER,,false
551,0227,2,255,0,OAM_BUFFER,,false
556,022c,2,255,0,OAM_BUFFER,,false
557,022d,2,255,0,OAM_BUFFER,,false
558,022e,2,255,0,OAM_BUFFER,,false
559,022f,2,255,0,OAM_BUFFER,,false
564,0234,2,255,0,OAM_BUFFER,,false
565,0235,2,255,0,OAM_BUFFER,,false
566,0236,2,255,0,OAM_BUFFER,,false
567,0237,2,255,0,OAM_BUFFER,,false
572,023c,2,255,0,OAM_BUFFER,,false
573,023d,2,255,0,OAM_BUFFER,,false
574,023e,2,255,0,OAM_BUFFER,,false
575,023f,2,255,0,OAM_BUFFER,,false
580,0244,2,255,0,OAM_BUFFER,,false
581,0245,2,255,0,OAM_BUFFER,,false
582,0246,2,255,0,OAM_BUFFER,,false
583,0247,2,255,0,OAM_BUFFER,,false
588,024c,2,255,0,OAM_BUFFER,,false
589,024d,2,255,0,OAM_BUFFER,,false
590,024e,2,255,0,OAM_BUFFER,,false
591,024f,2,255,0,OAM_BUFFER,,false
596,0254,2,255,0,OAM_BUFFER,,false
597,0255,2,255,0,OAM_BUFFER,,false
598,0256,2,255,0,OAM_BUFFER,,false
599,0257,2,255,0,OAM_BUFFER,,false
604,025c,2,255,0,OAM_BUFFER,,false
605,025d,2,255,0,OAM_BUFFER,,false
606,025e,2,255,0,OAM_BUFFER,,false
607,025f,2,255,0,OAM_BUFFER,,false
612,0264,2,255,0,OAM_BUFFER,,false
613,0265,2,255,0,OAM_BUFFER,,false
614,0266,2,255,0,OAM_BUFFER,,false
615,0267,2,255,0,OAM_BUFFER,,false
620,026c,2,255,0,OAM_BUFFER,,false
621,026d,2,255,0,OAM_BUFFER,,false
622,026e,2,255,0,OAM_BUFFER,,false
623,026f,2,255,0,OAM_BUFFER,,false
628,0274,2,255,0,OAM_BUFFER,,false
629,0275,2,255,0,OAM_BUFFER,,false
630,0276,2,255,0,OAM_BUFFER,,false
631,0277,2,255,0,OAM_BUFFER,,false
636,027c,2,255,0,OAM_BUFFER,,false
637,027d,2,255,0,OAM_BUFFER,,false
638,027e,2,255,0,OAM_BUFFER,,false
639,027f,2,255,0,OAM_BUFFER,,false
644,0284,2,255,0,OAM_BUFFER,,false
645,0285,2,255,0,OAM_BUFFER,,false
646,0286,2,255,0,OAM_BUFFER,,false
647,0287,2,255,0,OAM_BUFFER,,false
652,028c,2,255,0,OAM_BUFFER,,false
653,028d,2,255,0,OAM_BUFFER,,false
654,028e,2,255,0,OAM_BUFFER,,false
655,028f,2,255,0,OAM_BUFFER,,false
660,0294,2,255,0,OAM_BUFFER,,false
661,0295,2,255,0,OAM_BUFFER,,false
662,0296,2,255,0,OAM_BUFFER,,false
663,0297,2,255,0,OAM_BUFFER,,false
668,029c,2,255,0,OAM_BUFFER,,false
669,029d,2,255,0,OAM_BUFFER,,false
670,029e,2,255,0,OAM_BUFFER,,false
671,029f,2,255,0,OAM_BUFFER,,false
676,02a4,2,255,0,OAM_BUFFER,,false
677,02a5,2,255,0,OAM_BUFFER,,false
678,02a6,2,255,0,OAM_BUFFER,,false
679,02a7,2,255,0,OAM_BUFFER,,false
684,02ac,2,255,0,OAM_BUFFER,,false
685,02ad,2,255,0,OAM_BUFFER,,false
686,02ae,2,255,0,OAM_BUFFER,,false
687,02af,2,255,0,OAM_BUFFER,,false
692,02b4,2,255,0,OAM_BUFFER,,false
693,02b5,2,255,0,OAM_BUFFER,,false
694,02b6,2,255,0,OAM_BUFFER,,false
695,02b7,2,255,0,OAM_BUFFER,,false
700,02bc,2,255,0,OAM_BUFFER,,false
701,02bd,2,255,0,OAM_BUFFER,,false
702,02be,2,255,0,OAM_BUFFER,,false
703,02bf,2,255,0,OAM_BUFFER,,false
708,02c4,2,255,0,OAM_BUFFER,,false
709,02c5,2,255,0,OAM_BUFFER,,false
710,02c6,2,255,0,OAM_BUFFER,,false
711,02c7,2,255,0,OAM_BUFFER,,false
716,02cc,2,255,0,OAM_BUFFER,,false
717,02cd,2,255,0,OAM_BUFFER,,false
718,02ce,2,255,0,OAM_BUFFER,,false
719,02cf,2,255,0,OAM_BUFFER,,false
724,02d4,2,255,0,OAM_BUFFER,,false
725,02d5,2,255,0,OAM_BUFFER,,false
726,02d6,2,255,0,OAM_BUFFER,,false
727,02d7,2,255,0,OAM_BUFFER,,false
732,02dc,2,255,0,OAM_BUFFER,,false
733,02dd,2,255,0,OAM_BUFFER,,false
734,02de,2,255,0,OAM_BUFFER,,false
735,02df,2,255,0,OAM_BUFFER,,false
740,02e4,2,255,0,OAM_BUFFER,,false
741,02e5,2,255,0,OAM_BUFFER,,false
742,02e6,2,255,0,OAM_BUFFER,,false
743,02e7,2,255,0,OAM_BUFFER,,false
748,02ec,2,255,0,OAM_BUFFER,,false
749,02ed,2,255,0,OAM_BUFFER,,false
750,02ee,2,255,0,OAM_BUFFER,,false
751,02ef,2,255,0,OAM_BUFFER,,false
756,02f4,2,255,0,OAM_BUFFER,,false
757,02f5,2,255,0,OAM_BUFFER,,false
758,02f6,2,255,0,OAM_BUFFER,,false
759,02f7,2,255,0,OAM_BUFFER,,false
764,02fc,2,255,0,OAM_BUFFER,,false
765,02fd,2,255,0,OAM_BUFFER,,false
766,02fe,2,255,0,OAM_BUFFER,,false
767,02ff,2,255,0,OAM_BUFFER,,false
772,0304,2,255,0,MISC_300,,false
773,0305,2,255,0,MISC_300,,false
774,0306,2,255,0,MISC_300,,false
775,0307,2,255,0,MISC_300,,false
780,030c,2,255,0,MISC_300,,false
781,030d,2,255,0,MISC_300,,false
782,030e,2,255,0,MISC_300,,false
783,030f,2,255,0,MISC_300,,false
788,0314,2,255,0,MISC_300,,false
789,0315,2,255,0,MISC_300,,false
790,0316,2,255,0,MISC_300,,false
791,0317,2,255,0,MISC_300,,false
796,031c,2,255,0,MISC_300,,false
797,031d,2,255,0,MISC_300,,false
798,031e,2,255,0,MISC_300,,false
799,031f,2,255,0,MISC_300,,false
804,0324,2,255,0,MISC_300,,false
805,0325,2,255,0,MISC_300,,false
806,0326,2,255,0,MISC_300,,false
807,0327,2,255,0,MISC_300,,false
812,032c,2,255,0,MISC_300,,false
813,032d,2,255,0,MISC_300,,false
814,032e,2,255,0,MISC_300,,false
815,032f,2,255,0,MISC_300,,false
820,0334,2,255,0,MISC_300,,false
821,0335,2,255,0,MISC_300,,false
822,0336,2,255,0,MISC_300,,false
823,0337,2,255,0,MISC_300,,false
828,033c,2,255,0,MISC_300,,false
829,033d,2,255,0,MISC_300,,false
830,033e,2,255,0,MISC_300,,false
831,033f,2,255,0,MISC_300,,false
836,0344,2,255,0,MISC_300,,false
837,0345,2,255,0,MISC_300,,false
838,0346,2,255,0,MISC_300,,false
839,0347,2,255,0,MISC_300,,false
844,034c,2,255,0,MISC_300,,false
845,034d,2,255,0,MISC_300,,false
846,034e,2,255,0,MISC_300,,false
847,034f,2,255,0,MISC_300,,false
852,0354,2,255,0,MISC_300,,false
853,0355,2,255,0,MISC_300,,false
854,0356,2,255,0,MISC_300,,false
855,0357,2,255,0,MISC_300,,false
860,035c,2,255,0,MISC_300,,false
861,035d,2,255,0,MISC_300,,false
862,035e,2,255,0,MISC_300,,false
863,035f,2,255,0,MISC_300,,false
868,0364,2,255,0,MISC_300,,false
869,0365,2,255,0,MISC_300,,false
870,0366,2,255,0,MISC_300,,false
871,0367,2,255,0,MISC_300,,false
876,036c,2,255,0,MISC_300,,false
877,036d,2,255,0,MISC_300,,false
878,036e,2,255,0,MISC_300,,false
879,036f,2,255,0,MISC_300,,false
884,0374,2,255,0,MISC_300,,false
885,0375,2,255,0,MISC_300,,false
886,0376,2,255,0,MISC_300,,false
887,0377,2,255,0,MISC_300,,false
892,037c,2,255,0,MISC_300,,false
893,037d,2,255,0,MISC_300,,false
894,037e,2,255,0,MISC_300,,false
895,037f,2,255,0,MISC_300,,false
900,0384,2,255,0,MISC_300,,false
901,0385,2,255,0,MISC_300,,false
902,0386,2,255,0,MISC_300,,false
903,0387,2,255,0,MISC_300,,false
908,038c,2,255,0,MISC_300,,false
909,038d,2,255,0,MISC_300,,false
910,038e,2,255,0,MISC_300,,false
911,038f,2,255,0,MISC_300,,false
916,0394,2,255,0,MISC_300,,false
917,0395,2,255,0,MISC_300,,false
918,0396,2,255,0,MISC_300,,false
919,0397,2,255,0,MISC_300,,false
924,039c,2,255,0,MISC_300,,false
925,039d,2,255,0,MISC_300,,false
926,039e,2,255,0,MISC_300,,false
927,039f,2,255,0,MISC_300,,false
932,03a4,2,255,0,MISC_300,,false
933,03a5,2,255,0,MISC_300,,false
934,03a6,2,255,0,MISC_300,,false
935,03a7,2,255,0,MISC_300,,false
940,03ac,2,255,0,MISC_300,,false
941,03ad,2,255,0,MISC_300,,false
942,03ae,2,255,0,MISC_300,,false
943,03af,2,255,0,MISC_300,,false
948,03b4,2,255,0,MISC_300,,false
949,03b5,2,255,0,MISC_300,,false
950,03b6,2,255,0,MISC_300,,false
951,03b7,2,255,0,MISC_300,,false
956,03bc,2,255,0,MISC_300,,false
957,03bd,2,255,0,MISC_300,,false
958,03be,2,255,0,MISC_300,,false
959,03bf,2,255,0,MISC_300,,false
964,03c4,2,255,0,MISC_300,,false
965,03c5,2,255,0,MISC_300,,false
966,03c6,2,255,0,MISC_300,,false
967,03c7,2,255,0,MISC_300,,false
972,03cc,2,255,0,MISC_300,,false
973,03cd,2,255,0,MISC_300,,false
974,03ce,2,255,0,MISC_300,,false
975,03cf,2,255,0,MISC_300,,false
980,03d4,2,255,0,MISC_300,,false
981,03d5,2,255,0,MISC_300,,false
982,03d6,2,255,0,MISC_300,,false
983,03d7,2,255,0,MISC_300,,false
988,03dc,2,255,0,MISC_300,,false
989,03dd,2,255,0,MISC_300,,false
990,03de,2,255,0,MISC_300,,false
991,03df,2,255,0,MISC_300,,false
996,03e4,2,255,0,MISC_300,,false
997,03e5,2,255,0,MISC_300,,false
998,03e6,2,255,0,MISC_300,,false
999,03e7,2,255,0,MISC_300,,false
1004,03ec,2,255,0,MISC_300,,false
1005,03ed,2,255,0,MISC_300,,false
1006,03ee,2,255,0,MISC_300,,false
1007,03ef,2,255,0,MISC_300,,false
1012,03f4,2,255,0,MISC_300,,false
1013,03f5,2,255,0,MISC_300,,false
1014,03f6,2,255,0,MISC_300,,false
1015,03f7,2,255,0,MISC_300,,false
1020,03fc,2,255,0,MISC_300,,false
1021,03fd,2,255,0,MISC_300,,false
1022,03fe,2,255,0,MISC_300,,false
1023,03ff,2,255,0,MISC_300,,false
1028,0404,2,255,0,BLOCK_BUFFER_1A,,false
1029,0405,2,255,0,BLOCK_BUFFER_1A,,false
1030,0406,2,255,0,BLOCK_BUFFER_1A,,false
1031,0407,2,255,0,BLOCK_BUFFER_1A,,false
1036,040c,2,255,0,BLOCK_BUFFER_1A,,false
1037,040d,2,255,0,BLOCK_BUFFER_1A,,false
1038,040e,2,255,0,BLOCK_BUFFER_1A,,false
1039,040f,2,255,0,BLOCK_BUFFER_1A,,false
1044,0414,2,255,0,BLOCK_BUFFER_1A,,false
1045,0415,2,255,0,BLOCK_BUFFER_1A,,false
1046,0416,2,255,0,BLOCK_BUFFER_1A,,false
1047,0417,2,255,0,BLOCK_BUFFER_1A,,false
1052,041c,2,255,0,BLOCK_BUFFER_1A,,false
1053,041d,2,255,0,BLOCK_BUFFER_1A,,false
1054,041e,2,255,0,BLOCK_BUFFER_1A,,false
1055,041f,2,255,0,BLOCK_BUFFER_1A,,false
1060,0424,2,255,0,BLOCK_BUFFER_1A,,false
1061,0425,2,255,0,BLOCK_BUFFER_1A,,false
1062,0426,2,255,0,BLOCK_BUFFER_1A,,false
1063,0427,2,255,0,BLOCK_BUFFER_1A,,false
1068,042c,2,255,0,BLOCK_BUFFER_1A,,false
1069,042d,2,255,0,BLOCK_BUFFER_1A,,false
1070,042e,2,255,0,BLOCK_BUFFER_1A,,false
1071,042f,2,255,0,BLOCK_BUFFER_1A,,false
1076,0434,2,255,0,BLOCK_BUFFER_1A,,false
1077,0435,2,255,0,BLOCK_BUFFER_1A,,false
1078,0436,2,255,0,BLOCK_BUFFER_1A,,false
1079,0437,2,255,0,BLOCK_BUFFER_1A,,false
1084,043c,2,255,0,BLOCK_BUFFER_1A,,false
1085,043d,2,255,0,BLOCK_BUFFER_1A,,false
1086,043e,2,255,0,BLOCK_BUFFER_1A,,false
1087,043f,2,255,0,BLOCK_BUFFER_1A,,false
1092,0444,2,255,0,BLOCK_BUFFER_1A,,false
1093,0445,2,255,0,BLOCK_BUFFER_1A,,false
1094,0446,2,255,0,BLOCK_BUFFER_1A,,false
1095,0447,2,255,0,BLOCK_BUFFER_1A,,false
1100,044c,2,255,0,BLOCK_BUFFER_1A,,false
1101,044d,2,255,0,BLOCK_BUFFER_1A,,false
1102,044e,2,255,0,BLOCK_BUFFER_1A,,false
1103,044f,2,255,0,BLOCK_BUFFER_1A,,false
1108,0454,2,255,0,BLOCK_BUFFER_1A,,false
1109,0455,2,255,0,BLOCK_BUFFER_1A,,false
1110,0456,2,255,0,BLOCK_BUFFER_1A,,false
1111,0457,2,255,0,BLOCK_BUFFER_1A,,false
1116,045c,2,255,0,BLOCK_BUFFER_1A,,false
1117,045d,2,255,0,BLOCK_BUFFER_1A,,false
1118,045e,2,255,0,BLOCK_BUFFER_1A,,false
1119,045f,2,255,0,BLOCK_BUFFER_1A,,false
1124,0464,2,255,0,BLOCK_BUFFER_1A,,false
1125,0465,2,255,0,BLOCK_BUFFER_1A,,false
1126,0466,2,255,0,BLOCK_BUFFER_1A,,false
1127,0467,2,255,0,BLOCK_BUFFER_1A,,false
1132,046c,2,255,0,BLOCK_BUFFER_1A,,false
1133,046d,2,255,0,BLOCK_BUFFER_1A,,false
1134,046e,2,255,0,BLOCK_BUFFER_1A,,false
1135,046f,2,255,0,BLOCK_BUFFER_1A,,false
1140,0474,2,255,0,BLOCK_BUFFER_1A,,false
1141,0475,2,255,0,BLOCK_BUFFER_1A,,false
1142,0476,2,255,0,BLOCK_BUFFER_1A,,false
1143,0477,2,255,0,BLOCK_BUFFER_1A,,false
1148,047c,2,255,0,BLOCK_BUFFER_1A,,false
1149,047d,2,255,0,BLOCK_BUFFER_1A,,false
1150,047e,2,255,0,BLOCK_BUFFER_1A,,false
1151,047f,2,255,0,BLOCK_BUFFER_1A,,false
1156,0484,2,255,0,BLOCK_BUFFER_1A,,false
1157,0485,2,255,0,BLOCK_BUFFER_1A,,false
1158,0486,2,255,0,BLOCK_BUFFER_1A,,false
1159,0487,2,255,0,BLOCK_BUFFER_1A,,false
1164,048c,2,255,0,BLOCK_BUFFER_1A,,false
1165,048d,2,255,0,BLOCK_BUFFER_1A,,false
1166,048e,2,255,0,BLOCK_BUFFER_1A,,false
1167,048f,2,255,0,BLOCK_BUFFER_1A,,false
1172,0494,2,255,0,BLOCK_BUFFER_1A,,false
1173,0495,2,255,0,BLOCK_BUFFER_1A,,false
1174,0496,2,255,0,BLOCK_BUFFER_1A,,false
1175,0497,2,255,0,BLOCK_BUFFER_1A,,false
1180,049c,2,255,0,BLOCK_BUFFER_1A,,false
1181,049d,2,255,0,BLOCK_BUFFER_1A,,false
1182,049e,2,255,0,BLOCK_BUFFER_1A,,false
1183,049f,2,255,0,BLOCK_BUFFER_1A,,false
1188,04a4,2,255,0,BLOCK_BUFFER_1A,,false
1189,04a5,2,255,0,BLOCK_BUFFER_1A,,false
1190,04a6,2,255,0,BLOCK_BUFFER_1A,,false
1191,04a7,2,255,0,BLOCK_BUFFER_1A,,false
1196,04ac,2,255,0,BLOCK_BUFFER_1A,,false
1197,04ad,2,255,0,BLOCK_BUFFER_1A,,false
1198,04ae,2,255,0,BLOCK_BUFFER_1A,,false
1199,04af,2,255,0,BLOCK_BUFFER_1A,,false
1204,04b4,2,255,0,BLOCK_BUFFER_1A,,false
1205,04b5,2,255,0,BLOCK_BUFFER_1A,,false
1206,04b6,2,255,0,BLOCK_BUFFER_1A,,false
1207,04b7,2,255,0,BLOCK_BUFFER_1A,,false
1212,04bc,2,255,0,BLOCK_BUFFER_1A,,false
1213,04bd,2,255,0,BLOCK_BUFFER_1A,,false
1214,04be,2,255,0,BLOCK_BUFFER_1A,,false
1215,04bf,2,255,0,BLOCK_BUFFER_1A,,false
1220,04c4,2,255,0,BLOCK_BUFFER_1A,,false
1221,04c5,2,255,0,BLOCK_BUFFER_1A,,false
1222,04c6,2,255,0,BLOCK_BUFFER_1A,,false
1223,04c7,2,255,0,BLOCK_BUFFER_1A,,false
1228,04cc,2,255,0,BLOCK_BUFFER_1A,,false
1229,04cd,2,255,0,BLOCK_BUFFER_1A,,false
1230,04ce,2,255,0,BLOCK_BUFFER_1A,,false
1231,04cf,2,255,0,BLOCK_BUFFER_1A,,false
1236,04d4,2,255,0,BLOCK_BUFFER_1A,,false
1237,04d5,2,255,0,BLOCK_BUFFER_1A,,false
1238,04d6,2,255,0,BLOCK_BUFFER_1A,,false
1239,04d7,2,255,0,BLOCK_BUFFER_1A,,false
1244,04dc,2,255,0,BLOCK_BUFFER_1A,,false
1245,04dd,2,255,0,BLOCK_BUFFER_1A,,false
1246,04de,2,255,0,BLOCK_BUFFER_1A,,false
1247,04df,2,255,0,BLOCK_BUFFER_1A,,false
1252,04e4,2,255,0,BLOCK_BUFFER_1A,,false
1253,04e5,2,255,0,BLOCK_BUFFER_1A,,false
1254,04e6,2,255,0,BLOCK_BUFFER_1A,,false
1255,04e7,2,255,0,BLOCK_BUFFER_1A,,false
1260,04ec,2,255,0,BLOCK_BUFFER_1A,,false
1261,04ed,2,255,0,BLOCK_BUFFER_1A,,false
1262,04ee,2,255,0,BLOCK_BUFFER_1A,,false
1263,04ef,2,255,0,BLOCK_BUFFER_1A,,false
1268,04f4,2,255,0,BLOCK_BUFFER_1A,,false
1269,04f5,2,255,0,BLOCK_BUFFER_1A,,false
1270,04f6,2,255,0,BLOCK_BUFFER_1A,,false
1271,04f7,2,255,0,BLOCK_BUFFER_1A,,false
1276,04fc,2,255,0,BLOCK_BUFFER_1A,,false
1277,04fd,2,255,0,BLOCK_BUFFER_1A,,false
1278,04fe,2,255,0,BLOCK_BUFFER_1A,,false
1279,04ff,2,255,0,BLOCK_BUFFER_1A,,false
1284,0504,2,255,0,BLOCK_BUFFER_1B,,false
1285,0505,2,255,0,BLOCK_BUFFER_1B,,false
1286,0506,2,255,0,BLOCK_BUFFER_1B,,false
1287,0507,2,255,0,BLOCK_BUFFER_1B,,false
1292,050c,2,255,0,BLOCK_BUFFER_1B,,false
1293,050d,2,255,0,BLOCK_BUFFER_1B,,false
1294,050e,2,255,0,BLOCK_BUFFER_1B,,false
1295,050f,2,255,0,BLOCK_BUFFER_1B,,false
1300,0514,2,255,0,BLOCK_BUFFER_1B,,false
1301,0515,2,255,0,BLOCK_BUFFER_1B,,false
1302,0516,2,255,0,BLOCK_BUFFER_1B,,false
1303,0517,2,255,0,BLOCK_BUFFER_1B,,false
1308,051c,2,255,0,BLOCK_BUFFER_1B,,false
1309,051d,2,255,0,BLOCK_BUFFER_1B,,false
1310,051e,2,255,0,BLOCK_BUFFER_1B,,false
1311,051f,2,255,0,BLOCK_BUFFER_1B,,false
1316,0524,2,255,0,BLOCK_BUFFER_1B,,false
1317,0525,2,255,0,BLOCK_BUFFER_1B,,false
1318,0526,2,255,0,BLOCK_BUFFER_1B,,false
1319,0527,2,255,0,BLOCK_BUFFER_1B,,false
1324,052c,2,255,0,BLOCK_BUFFER_1B,,false
1325,052d,2,255,0,BLOCK_BUFFER_1B,,false
1326,052e,2,255,0,BLOCK_BUFFER_1B,,false
1327,052f,2,255,0,BLOCK_BUFFER_1B,,false
1332,0534,2,255,0,BLOCK_BUFFER_1B,,false
1333,0535,2,255,0,BLOCK_BUFFER_1B,,false
1334,0536,2,255,0,BLOCK_BUFFER_1B,,false
1335,0537,2,255,0,BLOCK_BUFFER_1B,,false
1340,053c,2,255,0,BLOCK_BUFFER_1B,,false
1341,053d,2,255,0,BLOCK_BUFFER_1B,,false
1342,053e,2,255,0,BLOCK_BUFFER_1B,,false
1343,053f,2,255,0,BLOCK_BUFFER_1B,,false
1348,0544,2,255,0,BLOCK_BUFFER_1B,,false
1349,0545,2,255,0,BLOCK_BUFFER_1B,,false
1350,0546,2,255,0,BLOCK_BUFFER_1B,,false
1351,0547,2,255,0,BLOCK_BUFFER_1B,,false
1356,054c,2,255,0,BLOCK_BUFFER_1B,,false
1357,054d,2,255,0,BLOCK_BUFFER_1B,,false
1358,054e,2,255,0,BLOCK_BUFFER_1B,,false
1359,054f,2,255,0,BLOCK_BUFFER_1B,,false
1364,0554,2,255,0,BLOCK_BUFFER_1B,,false
1365,0555,2,255,0,BLOCK_BUFFER_1B,,false
1366,0556,2,255,0,BLOCK_BUFFER_1B,,false
1367,0557,2,255,0,BLOCK_BUFFER_1B,,false
1372,055c,2,255,0,BLOCK_BUFFER_1B,,false
1373,055d,2,255,0,BLOCK_BUFFER_1B,,false
1374,055e,2,255,0,BLOCK_BUFFER_1B,,false
1375,055f,2,255,0,BLOCK_BUFFER_1B,,false
1380,0564,2,255,0,BLOCK_BUFFER_1B,,false
1381,0565,2,255,0,BLOCK_BUFFER_1B,,false
1382,0566,2,255,0,BLOCK_BUFFER_1B,,false
1383,0567,2,255,0,BLOCK_BUFFER_1B,,false
1388,056c,2,255,0,BLOCK_BUFFER_1B,,false
1389,056d,2,255,0,BLOCK_BUFFER_1B,,false
1390,056e,2,255,0,BLOCK_BUFFER_1B,,false
1391,056f,2,255,0,BLOCK_BUFFER_1B,,false
1396,0574,2,255,0,BLOCK_BUFFER_1B,,false
1397,0575,2,255,0,BLOCK_BUFFER_1B,,false
1398,0576,2,255,0,BLOCK_BUFFER_1B,,false
1399,0577,2,255,0,BLOCK_BUFFER_1B,,false
1404,057c,2,255,0,BLOCK_BUFFER_1B,,false
1405,057d,2,255,0,BLOCK_BUFFER_1B,,false
1406,057e,2,255,0,BLOCK_BUFFER_1B,,false
1407,057f,2,255,0,BLOCK_BUFFER_1B,,false
1412,0584,2,255,0,BLOCK_BUFFER_1B,,false
1413,0585,2,255,0,BLOCK_BUFFER_1B,,false
1414,0586,2,255,0,BLOCK_BUFFER_1B,,false
1415,0587,2,255,0,BLOCK_BUFFER_1B,,false
1420,058c,2,255,0,BLOCK_BUFFER_1B,,false
1421,058d,2,255,0,BLOCK_BUFFER_1B,,false
1422,058e,2,255,0,BLOCK_BUFFER_1B,,false
1423,058f,2,255,0,BLOCK_BUFFER_1B,,false
1428,0594,2,255,0,BLOCK_BUFFER_1B,,false
1429,0595,2,255,0,BLOCK_BUFFER_1B,,false
1430,0596,2,255,0,BLOCK_BUFFER_1B,,false
1431,0597,2,255,0,BLOCK_BUFFER_1B,,false
1436,059c,2,255,0,BLOCK_BUFFER_1B,,false
1437,059d,2,255,0,BLOCK_BUFFER_1B,,false
1438,059e,2,255,0,BLOCK_BUFFER_1B,,false
1439,059f,2,255,0,BLOCK_BUFFER_1B,,false
1444,05a4,2,255,0,BLOCK_BUFFER_1B,,false
1445,05a5,2,255,0,BLOCK_BUFFER_1B,,false
1446,05a6,2,255,0,BLOCK_BUFFER_1B,,false
1447,05a7,2,255,0,BLOCK_BUFFER_1B,,false
1452,05ac,2,255,0,BLOCK_BUFFER_1B,,false
1453,05ad,2,255,0,BLOCK_BUFFER_1B,,false
1454,05ae,2,255,0,BLOCK_BUFFER_1B,,false
1455,05af,2,255,0,BLOCK_BUFFER_1B,,false
1460,05b4,2,255,0,BLOCK_BUFFER_1B,,false
1461,05b5,2,255,0,BLOCK_BUFFER_1B,,false
1462,05b6,2,255,0,BLOCK_BUFFER_1B,,false
1463,05b7,2,255,0,BLOCK_BUFFER_1B,,false
1468,05bc,2,255,0,BLOCK_BUFFER_1B,,false
1469,05bd,2,255,0,BLOCK_BUFFER_1B,,false
1470,05be,2,255,0,BLOCK_BUFFER_1B,,false
1471,05bf,2,255,0,BLOCK_BUFFER_1B,,false
1476,05c4,2,255,0,BLOCK_BUFFER_1B,,false
1477,05c5,2,255,0,BLOCK_BUFFER_1B,,false
1478,05c6,2,255,0,BLOCK_BUFFER_1B,,false
1479,05c7,2,255,0,BLOCK_BUFFER_1B,,false
1484,05cc,2,255,0,BLOCK_BUFFER_1B,,false
1485,05cd,2,255,0,BLOCK_BUFFER_1B,,false
1486,05ce,2,255,0,BLOCK_BUFFER_1B,,false
1487,05cf,2,255,0,BLOCK_BUFFER_1B,,false
1492,05d4,2,255,0,BLOCK_BUFFER_2,,false
1493,05d5,2,255,0,BLOCK_BUFFER_2,,false
1494,05d6,2,255,0,BLOCK_BUFFER_2,,false
1495,05d7,2,255,0,BLOCK_BUFFER_2,,false
1500,05dc,2,255,0,BLOCK_BUFFER_2,,false
1501,05dd,2,255,0,BLOCK_BUFFER_2,,false
1502,05de,2,255,0,BLOCK_BUFFER_2,,false
1503,05df,2,255,0,BLOCK_BUFFER_2,,false
1508,05e4,2,255,0,BLOCK_BUFFER_2,,false
1509,05e5,2,255,0,BLOCK_BUFFER_2,,false
1510,05e6,2,255,0,BLOCK_BUFFER_2,,false
1511,05e7,2,255,0,BLOCK_BUFFER_2,,false
1516,05ec,2,255,0,BLOCK_BUFFER_2,,false
1517,05ed,2,255,0,BLOCK_BUFFER_2,,false
1518,05ee,2,255,0,BLOCK_BUFFER_2,,false
1519,05ef,2,255,0,BLOCK_BUFFER_2,,false
1524,05f4,2,255,0,BLOCK_BUFFER_2,,false
1525,05f5,2,255,0,BLOCK_BUFFER_2,,false
1526,05f6,2,255,0,BLOCK_BUFFER_2,,false
1527,05f7,2,255,0,BLOCK_BUFFER_2,,false
1532,05fc,2,255,0,BLOCK_BUFFER_2,,false
1533,05fd,2,255,0,BLOCK_BUFFER_2,,false
1534,05fe,2,255,0,BLOCK_BUFFER_2,,false
1535,05ff,2,255,0,BLOCK_BUFFER_2,,false
1540,0604,2,255,0,BLOCK_BUFFER_2,,false
1541,0605,2,255,0,BLOCK_BUFFER_2,,false
1542,0606,2,255,0,BLOCK_BUFFER_2,,false
1543,0607,2,255,0,BLOCK_BUFFER_2,,false
1548,060c,2,255,0,BLOCK_BUFFER_2,,false
1549,060d,2,255,0,BLOCK_BUFFER_2,,false
1550,060e,2,255,0,BLOCK_BUFFER_2,,false
1551,060f,2,255,0,BLOCK_BUFFER_2,,false
1556,0614,2,255,0,BLOCK_BUFFER_2,,false
1557,0615,2,255,0,BLOCK_BUFFER_2,,false
1558,0616,2,255,0,BLOCK_BUFFER_2,,false
1559,0617,2,255,0,BLOCK_BUFFER_2,,false
1564,061c,2,255,0,BLOCK_BUFFER_2,,false
1565,061d,2,255,0,BLOCK_BUFFER_2,,false
1566,061e,2,255,0,BLOCK_BUFFER_2,,false
1567,061f,2,255,0,BLOCK_BUFFER_2,,false
1572,0624,2,255,0,BLOCK_BUFFER_2,,false
1573,0625,2,255,0,BLOCK_BUFFER_2,,false
1574,0626,2,255,0,BLOCK_BUFFER_2,,false
1575,0627,2,255,0,BLOCK_BUFFER_2,,false
1580,062c,2,255,0,BLOCK_BUFFER_2,,false
1581,062d,2,255,0,BLOCK_BUFFER_2,,false
1582,062e,2,255,0,BLOCK_BUFFER_2,,false
1583,062f,2,255,0,BLOCK_BUFFER_2,,false
1588,0634,2,255,0,BLOCK_BUFFER_2,,false
1589,0635,2,255,0,BLOCK_BUFFER_2,,false
1590,0636,2,255,0,BLOCK_BUFFER_2,,false
1591,0637,2,255,0,BLOCK_BUFFER_2,,false
1596,063c,2,255,0,BLOCK_BUFFER_2,,false
1597,063d,2,255,0,BLOCK_BUFFER_2,,false
1598,063e,2,255,0,BLOCK_BUFFER_2,,false
1599,063f,2,255,0,BLOCK_BUFFER_2,,false
1604,0644,2,255,0,BLOCK_BUFFER_2,,false
1605,0645,2,255,0,BLOCK_BUFFER_2,,false
1606,0646,2,255,0,BLOCK_BUFFER_2,,false
1607,0647,2,255,0,BLOCK_BUFFER_2,,false
1612,064c,2,255,0,BLOCK_BUFFER_2,,false
1613,064d,2,255,0,BLOCK_BUFFER_2,,false
1614,064e,2,255,0,BLOCK_BUFFER_2,,false
1615,064f,2,255,0,BLOCK_BUFFER_2,,false
1620,0654,2,255,0,BLOCK_BUFFER_2,,false
1621,0655,2,255,0,BLOCK_BUFFER_2,,false
1622,0656,2,255,0,BLOCK_BUFFER_2,,false
1623,0657,2,255,0,BLOCK_BUFFER_2,,false
1628,065c,2,255,0,BLOCK_BUFFER_2,,false
1629,065d,2,255,0,BLOCK_BUFFER_2,,false
1630,065e,2,255,0,BLOCK_BUFFER_2,,false
1631,065f,2,255,0,BLOCK_BUFFER_2,,false
1636,0664,2,255,0,BLOCK_BUFFER_2,,false
1637,0665,2,255,0,BLOCK_BUFFER_2,,false
1638,0666,2,255,0,BLOCK_BUFFER_2,,false
1639,0667,2,255,0,BLOCK_BUFFER_2,,false
1644,066c,2,255,0,BLOCK_BUFFER_2,,false
1645,066d,2,255,0,BLOCK_BUFFER_2,,false
1646,066e,2,255,0,BLOCK_BUFFER_2,,false
1647,066f,2,255,0,BLOCK_BUFFER_2,,false
1652,0674,2,255,0,BLOCK_BUFFER_2,,false
1653,0675,2,255,0,BLOCK_BUFFER_2,,false
1654,0676,2,255,0,BLOCK_BUFFER_2,,false
1655,0677,2,255,0,BLOCK_BUFFER_2,,false
1660,067c,2,255,0,BLOCK_BUFFER_2,,false
1661,067d,2,255,0,BLOCK_BUFFER_2,,false
1662,067e,2,255,0,BLOCK_BUFFER_2,,false
1663,067f,2,255,0,BLOCK_BUFFER_2,,false
1668,0684,2,255,0,BLOCK_BUFFER_2,,false
1669,0685,2,255,0,BLOCK_BUFFER_2,,false
1670,0686,2,255,0,BLOCK_BUFFER_2,,false
1671,0687,2,255,0,BLOCK_BUFFER_2,,false
1676,068c,2,255,0,BLOCK_BUFFER_2,,false
1677,068d,2,255,0,BLOCK_BUFFER_2,,false
1678,068e,2,255,0,BLOCK_BUFFER_2,,false
1679,068f,2,255,0,BLOCK_BUFFER_2,,false
1684,0694,2,255,0,BLOCK_BUFFER_2,,false
1685,0695,2,255,0,BLOCK_BUFFER_2,,false
1686,0696,2,255,0,BLOCK_BUFFER_2,,false
1687,0697,2,255,0,BLOCK_BUFFER_2,,false
1692,069c,2,255,0,BLOCK_BUFFER_2,,false
1693,069d,2,255,0,BLOCK_BUFFER_2,,false
1694,069e,2,255,0,BLOCK_BUFFER_2,,false
1695,069f,2,255,0,BLOCK_BUFFER_2,,false
1700,06a4,2,255,0,BLOCK_BUFFER_2,,false
1701,06a5,2,255,0,BLOCK_BUFFER_2,,false
1702,06a6,2,255,0,BLOCK_BUFFER_2,,false
1703,06a7,2,255,0,BLOCK_BUFFER_2,,false
1708,06ac,2,255,0,BLOCK_BUFFER_2,,false
1709,06ad,2,255,0,BLOCK_BUFFER_2,,false
1710,06ae,2,255,0,BLOCK_BUFFER_2,,false
1711,06af,2,255,0,BLOCK_BUFFER_2,,false
1716,06b4,2,255,0,BLOCK_BUFFER_2,,false
1717,06b5,2,255,0,BLOCK_BUFFER_2,,false
1718,06b6,2,255,0,BLOCK_BUFFER_2,,false
1719,06b7,2,255,0,BLOCK_BUFFER_2,,false
1724,06bc,2,255,0,BLOCK_BUFFER_2,,false
1725,06bd,2,255,0,BLOCK_BUFFER_2,,false
1726,06be,2,255,0,BLOCK_BUFFER_2,,false
1727,06bf,2,255,0,BLOCK_BUFFER_2,,false
1732,06c4,2,255,0,BLOCK_BUFFER_2,,false
1733,06c5,2,255,0,BLOCK_BUFFER_2,,false
1734,06c6,2,255,0,BLOCK_BUFFER_2,,false
1735,06c7,2,255,0,BLOCK_BUFFER_2,,false
1740,06cc,2,255,0,BLOCK_BUFFER_2,,false
1741,06cd,2,255,0,BLOCK_BUFFER_2,,false
1742,06ce,2,255,0,BLOCK_BUFFER_2,,false
1743,06cf,2,255,0,BLOCK_BUFFER_2,,false
1748,06d4,2,255,0,MISC_6D0,,false
1749,06d5,2,255,0,MISC_6D0,,false
1750,06d6,2,255,0,MISC_6D0,,false
1751,06d7,2,255,0,MISC_6D0,,false
1756,06dc,2,255,0,MISC_6D0,,false
1757,06dd,2,255,0,MISC_6D0,,false
1758,06de,2,255,0,MISC_6D0,,false
1759,06df,2,255,0,MISC_6D0,,false
1764,06e4,2,255,0,MISC_6D0,,false
1765,06e5,2,255,0,MISC_6D0,,false
1766,06e6,2,255,0,MISC_6D0,,false
1767,06e7,2,255,0,MISC_6D0,,false
1772,06ec,2,255,0,MISC_6D0,,false
1773,06ed,2,255,0,MISC_6D0,,false
1774,06ee,2,255,0,MISC_6D0,,false
1775,06ef,2,255,0,MISC_6D0,,false
1780,06f4,2,255,0,MISC_6D0,,false
1781,06f5,2,255,0,MISC_6D0,,false
1782,06f6,2,255,0,MISC_6D0,,false
1783,06f7,2,255,0,MISC_6D0,,false
1788,06fc,2,255,0,MISC_6D0,SavedJoypad1Bits,true
1789,06fd,2,255,0,MISC_6D0,,false
1790,06fe,2,255,0,MISC_6D0,,false
1791,06ff,2,255,0,MISC_6D0,,false
1796,0704,2,255,0,GAME_STATE,SwimmingFlag,true
1797,0705,2,255,0,GAME_STATE,,false
1798,0706,2,255,0,GAME_STATE,,false
1799,0707,2,255,0,GAME_STATE,,false
1804,070c,2,255,0,GAME_STATE,,false
1805,070d,2,255,0,GAME_STATE,,false
1806,070e,2,255,0,GAME_STATE,,false
1807,070f,2,255,0,GAME_STATE,,false
1812,0714,2,255,0,GAME_STATE,,false
1813,0715,2,255,0,GAME_STATE,,false
1814,0716,2,255,0,GAME_STATE,,false
1815,0717,2,255,0,GAME_STATE,,false
1820,071c,2,255,0,GAME_STATE,,false
1821,071d,2,255,0,GAME_STATE,,false
1822,071e,2,255,0,GAME_STATE,,false
1823,071f,2,255,0,GAME_STATE,,false
1828,0724,2,255,0,GAME_STATE,,false
1829,0725,2,255,0,GAME_STATE,,false
1830,0726,2,255,0,GAME_STATE,,false
1831,0727,2,255,0,GAME_STATE,,false
1836,072c,2,255,0,GAME_STATE,,false
1837,072d,2,255,0,GAME_STATE,,false
1838,072e,2,255,0,GAME_STATE,,false
1839,072f,2,255,0,GAME_STATE,,false
1844,0734,2,255,0,GAME_STATE,,false
1845,0735,2,255,0,GAME_STATE,,false
1846,0736,2,255,0,GAME_STATE,,false
1847,0737,2,255,0,GAME_STATE,,false
1852,073c,2,255,0,GAME_STATE,,false
1853,073d,2,255,0,GAME_STATE,,false
1854,073e,2,255,0,GAME_STATE,,false
1855,073f,2,255,0,GAME_STATE,,false
1860,0744,2,255,0,GAME_STATE,,false
1861,0745,2,255,0,GAME_STATE,,false
1862,0746,2,255,0,GAME_STATE,,false
1863,0747,2,255,0,GAME_STATE,,false
1868,074c,2,255,0,GAME_STATE,,false
1869,074d,2,255,0,GAME_STATE,,false
1870,074e,2,255,0,GAME_STATE,,false
1871,074f,2,255,0,GAME_STATE,,false
1876,0754,2,255,0,GAME_STATE,PlayerSize,true
1877,0755,2,255,0,GAME_STATE,,false
1878,0756,2,255,0,GAME_STATE,,false
1879,0757,2,255,0,GAME_STATE,,false
1884,075c,2,255,0,GAME_STATE,,false
1885,075d,2,255,0,GAME_STATE,,false
1886,075e,2,255,0,GAME_STATE,,false
1887,075f,2,255,0,GAME_STATE,WorldNumber,true
1892,0764,2,255,0,GAME_STATE,,false
1893,0765,2,255,0,GAME_STATE,,false
1894,0766,2,255,0,GAME_STATE,,false
1895,0767,2,255,0,GAME_STATE,,false
4,0004,3,255,0,ZERO_PAGE,,false
5,0005,3,255,0,ZERO_PAGE,,false
12,000c,3,255,0,ZERO_PAGE,Left_Right_Buttons,true
13,000d,3,255,0,ZERO_PAGE,,false
14,000e,3,255,0,ZERO_PAGE,,false
15,000f,3,255,0,ZERO_PAGE,,false
20,0014,3,255,0,ZERO_PAGE,,false
21,0015,3,255,0,ZERO_PAGE,,false
22,0016,3,255,0,ZERO_PAGE,,false
23,0017,3,255,0,ZERO_PAGE,,false
28,001c,3,255,0,ZERO_PAGE,,false
29,001d,3,255,0,ZERO_PAGE,Player_State,true
30,001e,3,255,0,ZERO_PAGE,,false
31,001f,3,255,0,ZERO_PAGE,,false
36,0024,3,255,0,ZERO_PAGE,CrouchingFlag,true
37,0025,3,255,0,ZERO_PAGE,,false
38,0026,3,255,0,ZERO_PAGE,,false
39,0027,3,255,0,ZERO_PAGE,,false
44,002c,3,255,0,ZERO_PAGE,,false
45,002d,3,255,0,ZERO_PAGE,,false
508,01fc,3,255,42,STACK,,false
509,01fd,3,255,142,STACK,,false
512,0200,3,0,248,OAM_BUFFER,,false
520,0208,3,0,248,OAM_BUFFER,,false
528,0210,3,0,248,OAM_BUFFER,,false
536,0218,3,0,248,OAM_BUFFER,,false
544,0220,3,0,248,OAM_BUFFER,,false
552,0228,3,0,248,OAM_BUFFER,,false
560,0230,3,0,248,OAM_BUFFER,,false
568,0238,3,0,248,OAM_BUFFER,,false
576,0240,3,0,248,OAM_BUFFER,,false
584,0248,3,0,248,OAM_BUFFER,,false
592,0250,3,0,248,OAM_BUFFER,,false
600,0258,3,0,248,OAM_BUFFER,,false
608,0260,3,0,248,OAM_BUFFER,,false
616,0268,3,0,248,OAM_BUFFER,,false
624,0270,3,0,248,OAM_BUFFER,,false
632,0278,3,0,248,OAM_BUFFER,,false
640,0280,3,0,248,OAM_BUFFER,,false
648,0288,3,0,248,OAM_BUFFER,,false
656,0290,3,0,248,OAM_BUFFER,,false
664,0298,3,0,248,OAM_BUFFER,,false
672,02a0,3,0,248,OAM_BUFFER,,false
680,02a8,3,0,248,OAM_BUFFER,,false
688,02b0,3,0,248,OAM_BUFFER,,false
696,02b8,3,0,248,OAM_BUFFER,,false
704,02c0,3,0,248,OAM_BUFFER,,false
712,02c8,3,0,248,OAM_BUFFER,,false
720,02d0,3,0,248,OAM_BUFFER,,false
728,02d8,3,0,248,OAM_BUFFER,,false
736,02e0,3,0,248,OAM_BUFFER,,false
744,02e8,3,0,248,OAM_BUFFER,,false
752,02f0,3,0,248,OAM_BUFFER,,false
760,02f8,3,0,248,OAM_BUFFER,,false
1912,0778,3,0,144,GAME_STATE,,false
2047,07ff,3,255,165,GAME_STATE,,false
1,0001,4,0,3,ZERO_PAGE,,false
9,0009,4,0,1,ZERO_PAGE,FrameCounter,true
504,01f8,4,0,211,STACK,,false
505,01f9,4,0,143,STACK,,false
506,01fa,4,0,119,STACK,,false
507,01fb,4,0,129,STACK,,false
1960,07a8,4,0,128,GAME_STATE,,false
0,0000,7,0,2,ZERO_PAGE,,false
502,01f6,8,42,175,STACK,,false
503,01f7,8,142,133,STACK,,false
768,0300,8,0,7,MISC_300,,false
769,0301,8,0,63,MISC_300,,false
770,0302,8,0,16,MISC_300,,false
771,0303,8,0,4,MISC_300,,false
776,0308,9,0,24,MISC_300,,false
777,0309,9,0,32,MISC_300,,false
778,030a,9,0,82,MISC_300,,false
779,030b,9,0,11,MISC_300,,false
784,0310,9,0,13,MISC_300,,false
785,0311,9,0,36,MISC_300,,false
786,0312,9,0,36,MISC_300,,false
787,0313,9,0,29,MISC_300,,false
792,0318,9,0,104,MISC_300,,false
500,01f4,13,10,202,STACK,,false
501,01f5,13,1,151,STACK,,false
1707,06ab,13,0,5,BLOCK_BUFFER_2,,false
1907,0773,26,2,0,GAME_STATE,,false
1961,07a9,26,42,149,GAME_STATE,,false
1962,07aa,26,80,40,GAME_STATE,,false
793,0319,28,5,0,MISC_300,,false
795,031b,28,36,0,MISC_300,,false
1954,07a2,28,23,24,GAME_STATE,,false
794,031a,29,1,0,MISC_300,,false
800,0320,29,32,0,MISC_300,,false
801,0321,29,186,0,MISC_300,,false
802,0322,29,201,0,MISC_300,,false
803,0323,29,74,0,MISC_300,,false
808,0328,29,209,0,MISC_300,,false
809,0329,29,216,0,MISC_300,,false
810,032a,29,216,0,MISC_300,,false
811,032b,29,222,0,MISC_300,,false
816,0330,29,209,0,MISC_300,,false
817,0331,29,32,0,MISC_300,,false
818,0332,29,198,0,MISC_300,,false
819,0333,29,10,0,MISC_300,,false
824,0338,29,219,0,MISC_300,,false
825,0339,29,217,0,MISC_300,,false
826,033a,29,219,0,MISC_300,,false
827,033b,29,220,0,MISC_300,,false
832,0340,29,10,0,MISC_300,,false
833,0341,29,212,0,MISC_300,,false
834,0342,29,213,0,MISC_300,,false
835,0343,29,212,0,MISC_300,,false
840,0348,29,218,0,MISC_300,,false
841,0349,29,219,0,MISC_300,,false
842,034a,29,224,0,MISC_300,,false
843,034b,29,33,0,MISC_300,,false
848,0350,29,214,0,MISC_300,,false
849,0351,29,215,0,MISC_300,,false
850,0352,29,225,0,MISC_300,,false
851,0353,29,38,0,MISC_300,,false
856,0358,29,33,0,MISC_300,,false
857,0359,29,38,0,MISC_300,,false
858,035a,29,20,0,MISC_300,,false
859,035b,29,208,0,MISC_300,,false
864,0360,29,222,0,MISC_300,,false
865,0361,29,209,0,MISC_300,,false
866,0362,29,216,0,MISC_300,,false
867,0363,29,208,0,MISC_300,,false
872,0368,29,222,0,MISC_300,,false
873,0369,29,209,0,MISC_300,,false
874,036a,29,208,0,MISC_300,,false
875,036b,29,209,0,MISC_300,,false
880,0370,29,70,0,MISC_300,,false
881,0371,29,20,0,MISC_300,,false
882,0372,29,219,0,MISC_300,,false
883,0373,29,66,0,MISC_300,,false
888,0378,29,66,0,MISC_300,,false
889,0379,29,219,0,MISC_300,,false
890,037a,29,219,0,MISC_300,,false
891,037b,29,66,0,MISC_300,,false
896,0380,29,66,0,MISC_300,,false
897,0381,29,219,0,MISC_300,,false
898,0382,29,66,0,MISC_300,,false
899,0383,29,219,0,MISC_300,,false
904,0388,29,70,0,MISC_300,,false
905,0389,29,219,0,MISC_300,,false
906,038a,29,33,0,MISC_300,,false
907,038b,29,108,0,MISC_300,,false
912,0390,29,219,0,MISC_300,,false
913,0391,29,38,0,MISC_300,,false
914,0392,29,219,0,MISC_300,,false
915,0393,29,223,0,MISC_300,,false
920,0398,29,228,0,MISC_300,,false
921,0399,29,229,0,MISC_300,,false
922,039a,29,38,0,MISC_300,,false
923,039b,29,33,0,MISC_300,,false
928,03a0,29,219,0,MISC_300,,false
929,03a1,29,222,0,MISC_300,,false
930,03a2,29,67,0,MISC_300,,false
931,03a3,29,219,0,MISC_300,,false
936,03a8,29,38,0,MISC_300,,false
937,03a9,29,219,0,MISC_300,,false
938,03aa,29,227,0,MISC_300,,false
939,03ab,29,219,0,MISC_300,,false
944,03b0,29,227,0,MISC_300,,false
945,03b1,29,38,0,MISC_300,,false
946,03b2,29,33,0,MISC_300,,false
947,03b3,29,166,0,MISC_300,,false
952,03b8,29,219,0,MISC_300,,false
953,03b9,29,66,0,MISC_300,,false
954,03ba,29,219,0,MISC_300,,false
955,03bb,29,219,0,MISC_300,,false
960,03c0,29,219,0,MISC_300,,false
961,03c1,29,217,0,MISC_300,,false
962,03c2,29,219,0,MISC_300,,false
963,03c3,29,219,0,MISC_300,,false
968,03c8,29,231,0,MISC_300,,false
969,03c9,29,33,0,MISC_300,,false
970,03ca,29,197,0,MISC_300,,false
971,03cb,29,22,0,MISC_300,,false
976,03d0,29,149,0,MISC_300,,false
977,03d1,29,149,0,MISC_300,,false
978,03d2,29,149,0,MISC_300,,false
979,03d3,29,149,0,MISC_300,,false
984,03d8,29,149,0,MISC_300,,false
985,03d9,29,150,0,MISC_300,,false
986,03da,29,149,0,MISC_300,,false
987,03db,29,149,0,MISC_300,,false
992,03e0,29,149,0,MISC_300,,false
993,03e1,29,122,0,MISC_300,,false
994,03e2,29,33,0,MISC_300,,false
995,03e3,29,237,0,MISC_300,,false
1000,03e8,29,8,0,MISC_300,,false
1001,03e9,29,5,0,MISC_300,,false
1002,03ea,29,36,0,MISC_300,,false
1003,03eb,29,23,0,MISC_300,,false
1008,03f0,29,23,0,MISC_300,,false
1009,03f1,29,13,0,MISC_300,,false
1010,03f2,29,24,0,MISC_300,,false
1011,03f3,29,34,0,MISC_300,,false
1016,03f8,29,25,0,MISC_300,,false
1017,03f9,29,21,0,MISC_300,,false
1018,03fa,29,10,0,MISC_300,,false
1019,03fb,29,34,0,MISC_300,,false
1024,0400,29,10,0,BLOCK_BUFFER_1A,,false
1025,0401,29,22,0,BLOCK_BUFFER_1A,,false
1026,0402,29,14,0,BLOCK_BUFFER_1A,,false
1027,0403,29,34,0,BLOCK_BUFFER_1A,,false
1032,0408,29,25,0,BLOCK_BUFFER_1A,,false
1033,0409,29,21,0,BLOCK_BUFFER_1A,,false
1034,040a,29,10,0,BLOCK_BUFFER_1A,,false
1035,040b,29,34,0,BLOCK_BUFFER_1A,,false
1040,0410,29,10,0,BLOCK_BUFFER_1A,,false
1041,0411,29,22,0,BLOCK_BUFFER_1A,,false
1042,0412,29,14,0,BLOCK_BUFFER_1A,,false
1043,0413,29,34,0,BLOCK_BUFFER_1A,,false
1048,0418,29,25,0,BLOCK_BUFFER_1A,,false
1049,0419,29,40,0,BLOCK_BUFFER_1A,,false
1050,041a,29,34,0,BLOCK_BUFFER_1A,,false
1051,041b,29,246,0,BLOCK_BUFFER_1A,,false
1056,0420,29,86,0,BLOCK_BUFFER_1A,,false
1057,0421,29,85,0,BLOCK_BUFFER_1A,,false
1058,0422,29,35,0,BLOCK_BUFFER_1A,,false
1059,0423,29,226,0,BLOCK_BUFFER_1A,,false
1064,0428,29,170,0,BLOCK_BUFFER_1A,,false
1065,0429,29,35,0,BLOCK_BUFFER_1A,,false
1066,042a,29,234,0,BLOCK_BUFFER_1A,,false
1067,042b,29,4,0,BLOCK_BUFFER_1A,,false
1073,0431,29,255,0,BLOCK_BUFFER_1A,,false
1074,0432,29,255,0,BLOCK_BUFFER_1A,,false
1075,0433,29,255,0,BLOCK_BUFFER_1A,,false
1080,0438,29,255,0,BLOCK_BUFFER_1A,,false
1081,0439,29,255,0,BLOCK_BUFFER_1A,,false
2,0002,30,80,0,ZERO_PAGE,,false
3,0003,30,4,0,ZERO_PAGE,,false
1906,0772,30,1,2,GAME_STATE,OperMode_Task,true
1963,07ab,30,0,128,GAME_STATE,,false
1882,075a,31,0,2,GAME_STATE,NumberofLives,true
1889,0761,31,0,2,GAME_STATE,,false
1913,0779,32,0,30,GAME_STATE,,false
1929,0789,35,24,23,GAME_STATE,,false
1866,074a,41,16,0,GAME_STATE,,false
1872,0750,41,37,194,GAME_STATE,,false
1904,0770,41,1,0,GAME_STATE,OperMode,true
240,00f0,42,8,0,ZERO_PAGE,,false
251,00fb,42,0,128,ZERO_PAGE,,false
1104,0450,42,0,232,BLOCK_BUFFER_1A,,false
1168,0490,42,0,255,BLOCK_BUFFER_1A,,false
1177,0499,42,0,1,BLOCK_BUFFER_1A,,false
1456,05b0,42,0,84,BLOCK_BUFFER_1B,,false
1457,05b1,42,0,84,BLOCK_BUFFER_1B,,false
1458,05b2,42,0,84,BLOCK_BUFFER_1B,,false
1459,05b3,42,0,84,BLOCK_BUFFER_1B,,false
1464,05b8,42,0,84,BLOCK_BUFFER_1B,,false
1465,05b9,42,0,84,BLOCK_BUFFER_1B,,false
1466,05ba,42,0,84,BLOCK_BUFFER_1B,,false
1467,05bb,42,0,84,BLOCK_BUFFER_1B,,false
1472,05c0,42,0,84,BLOCK_BUFFER_1B,,false
1473,05c1,42,0,84,BLOCK_BUFFER_1B,,false
1474,05c2,42,0,84,BLOCK_BUFFER_1B,,false
1475,05c3,42,0,84,BLOCK_BUFFER_1B,,false
1480,05c8,42,0,84,BLOCK_BUFFER_1B,,false
1481,05c9,42,0,84,BLOCK_BUFFER_1B,,false
1482,05ca,42,0,84,BLOCK_BUFFER_1B,,false
1483,05cb,42,0,84,BLOCK_BUFFER_1B,,false
1600,0640,42,0,192,BLOCK_BUFFER_2,,false
1664,0680,42,0,84,BLOCK_BUFFER_2,,false
1665,0681,42,0,84,BLOCK_BUFFER_2,,false
1666,0682,42,0,84,BLOCK_BUFFER_2,,false
1667,0683,42,0,84,BLOCK_BUFFER_2,,false
1680,0690,42,0,84,BLOCK_BUFFER_2,,false
1681,0691,42,0,84,BLOCK_BUFFER_2,,false
1682,0692,42,0,84,BLOCK_BUFFER_2,,false
1683,0693,42,0,84,BLOCK_BUFFER_2,,false
1696,06a0,42,0,24,BLOCK_BUFFER_2,,false
1704,06a8,42,0,192,BLOCK_BUFFER_2,,false
1737,06c9,42,0,255,BLOCK_BUFFER_2,,false
1760,06e0,42,0,1,MISC_6D0,,false
1761,06e1,42,0,88,MISC_6D0,,false
1762,06e2,42,0,72,MISC_6D0,,false
1763,06e3,42,0,56,MISC_6D0,,false
1768,06e8,42,0,208,MISC_6D0,,false
1769,06e9,42,0,232,MISC_6D0,,false
1770,06ea,42,0,40,MISC_6D0,,false
1771,06eb,42,0,64,MISC_6D0,,false
1776,06f0,42,0,124,MISC_6D0,,false
1777,06f1,42,0,128,MISC_6D0,,false
1778,06f2,42,0,132,MISC_6D0,,false
1779,06f3,42,0,232,MISC_6D0,,false
1784,06f8,42,0,56,MISC_6D0,,false
1785,06f9,42,0,64,MISC_6D0,,false
1786,06fa,42,0,72,MISC_6D0,,false
1787,06fb,42,0,80,MISC_6D0,,false
1793,0701,42,0,1,GAME_STATE,,false
1794,0702,42,0,48,GAME_STATE,,false
1802,070a,42,0,40,GAME_STATE,,false
1808,0710,42,0,2,GAME_STATE,,false
1824,0720,42,0,36,GAME_STATE,,false
1825,0721,42,0,144,GAME_STATE,,false
1826,0722,42,0,1,GAME_STATE,,false
1834,072a,42,0,1,GAME_STATE,,false
1840,0730,42,0,255,GAME_STATE,,false
1841,0731,42,0,255,GAME_STATE,,false
1849,0739,42,0,3,GAME_STATE,,false
1850,073a,42,0,1,GAME_STATE,,false
1858,0742,42,0,2,GAME_STATE,,false
1968,07b0,42,164,0,GAME_STATE,,false
1977,07b9,42,1,0,GAME_STATE,,false
1978,07ba,42,1,0,GAME_STATE,,false
1985,07c1,42,164,0,GAME_STATE,,false
8,0008,43,0,5,ZERO_PAGE,,false
51,0033,43,0,1,ZERO_PAGE,,false
112,0070,43,0,1,ZERO_PAGE,,false
113,0071,43,0,1,ZERO_PAGE,,false
114,0072,43,0,1,ZERO_PAGE,,false
136,0088,43,0,96,ZERO_PAGE,,false
137,0089,43,0,96,ZERO_PAGE,,false
138,008a,43,0,96,ZERO_PAGE,,false
139,008b,43,0,96,ZERO_PAGE,,false
235,00eb,43,0,19,ZERO_PAGE,,false
513,0201,43,0,255,OAM_BUFFER,,false
514,0202,43,0,35,OAM_BUFFER,,false
515,0203,43,0,88,OAM_BUFFER,,false
521,0209,43,0,252,OAM_BUFFER,,false
523,020b,43,0,48,OAM_BUFFER,,false
529,0211,43,0,252,OAM_BUFFER,,false
531,0213,43,0,48,OAM_BUFFER,,false
537,0219,43,0,55,OAM_BUFFER,,false
539,021b,43,0,48,OAM_BUFFER,,false
545,0221,43,0,79,OAM_BUFFER,,false
546,0222,43,0,64,OAM_BUFFER,,false
547,0223,43,0,48,OAM_BUFFER,,false
1842,0732,43,255,0,GAME_STATE,,false
499,01f3,47,3,239,STACK,,false
1952,07a0,49,7,0,GAME_STATE,,false
498,01f2,177,103,230,STACK,,false
1706,06aa,177,5,0,BLOCK_BUFFER_2,,false
1835,072b,177,1,0,GAME_STATE,,false
1698,06a2,181,129,0,BLOCK_BUFFER_2,,false
1699,06a3,181,132,0,BLOCK_BUFFER_2,,false
495,01ef,185,50,29,STACK,,false
496,01f0,185,155,242,STACK,,false
497,01f1,185,192,95,STACK,,false
1697,06a1,186,128,0,BLOCK_BUFFER_2,,false
493,01ed,187,174,3,STACK,,false
494,01ee,187,155,3,STACK,,false
248,00f8,194,14,0,ZERO_PAGE,,false
249,00f9,194,23,0,ZERO_PAGE,,false
1971,07b3,194,9,0,GAME_STATE,,false
1976,07b8,194,9,0,GAME_STATE,,false
1984,07c0,194,1,0,GAME_STATE,,false
2042,07fa,195,0,1,GAME_STATE,,false
522,020a,196,64,0,OAM_BUFFER,,false
530,0212,196,64,0,OAM_BUFFER,,false
538,021a,196,64,0,OAM_BUFFER,,false
1792,0700,196,1,0,GAME_STATE,,false
1921,0781,196,7,0,GAME_STATE,,false
10,000a,197,128,0,ZERO_PAGE,A_B_Buttons,true
1800,0708,197,176,0,GAME_STATE,,false
1801,0709,197,32,0,GAME_STATE,,false
1922,0782,197,32,0,GAME_STATE,,false
241,00f1,198,128,0,ZERO_PAGE,,false
1979,07bb,198,39,0,GAME_STATE,,false
1923,0783,215,0,9,GAME_STATE,,false
2040,07f8,219,3,4,GAME_STATE,,false
2041,07f9,219,9,0,GAME_STATE,,false
1819,071b,229,1,0,GAME_STATE,,false
1795,0703,241,40,0,GAME_STATE,,false
1608,0648,249,81,0,BLOCK_BUFFER_2,,false
1672,0688,249,84,0,BLOCK_BUFFER_2,,false
1688,0698,249,84,0,BLOCK_BUFFER_2,,false
1673,0689,253,84,0,BLOCK_BUFFER_2,,false
1689,0699,253,84,0,BLOCK_BUFFER_2,,false
88,0058,261,248,0,ZERO_PAGE,,false
1178,049a,261,9,0,BLOCK_BUFFER_1A,,false
1851,073b,261,1,0,GAME_STATE,,false
561,0231,262,252,0,OAM_BUFFER,,false
562,0232,262,67,0,OAM_BUFFER,,false
563,0233,262,43,0,OAM_BUFFER,,false
569,0239,262,113,0,OAM_BUFFER,,false
570,023a,262,67,0,OAM_BUFFER,,false
571,023b,262,43,0,OAM_BUFFER,,false
577,0241,262,115,0,OAM_BUFFER,,false
578,0242,262,67,0,OAM_BUFFER,,false
579,0243,262,43,0,OAM_BUFFER,,false
1200,04b0,262,255,0,BLOCK_BUFFER_1A,,false
1201,04b1,262,255,0,BLOCK_BUFFER_1A,,false
1202,04b2,262,255,0,BLOCK_BUFFER_1A,,false
1203,04b3,262,255,0,BLOCK_BUFFER_1A,,false
649,0289,263,252,0,OAM_BUFFER,,false
650,028a,263,67,0,OAM_BUFFER,,false
651,028b,263,39,0,OAM_BUFFER,,false
657,0291,263,113,0,OAM_BUFFER,,false
658,0292,263,67,0,OAM_BUFFER,,false
659,0293,263,39,0,OAM_BUFFER,,false
665,0299,263,115,0,OAM_BUFFER,,false
666,029a,263,67,0,OAM_BUFFER,,false
667,029b,263,39,0,OAM_BUFFER,,false
721,02d1,264,252,0,OAM_BUFFER,,false
722,02d2,264,67,0,OAM_BUFFER,,false
723,02d3,264,37,0,OAM_BUFFER,,false
729,02d9,264,113,0,OAM_BUFFER,,false
730,02da,264,67,0,OAM_BUFFER,,false
731,02db,264,37,0,OAM_BUFFER,,false
737,02e1,264,115,0,OAM_BUFFER,,false
738,02e2,264,67,0,OAM_BUFFER,,false
739,02e3,264,37,0,OAM_BUFFER,,false
1674,068a,267,84,0,BLOCK_BUFFER_2,,false
1690,069a,267,84,0,BLOCK_BUFFER_2,,false
1675,068b,271,84,0,BLOCK_BUFFER_2,,false
1691,069b,271,84,0,BLOCK_BUFFER_2,,false
272,0110,321,1,0,STACK,,false
1169,0491,321,1,0,BLOCK_BUFFER_1A,,false
1937,0791,321,1,0,GAME_STATE,,false
2017,07e1,326,1,0,GAME_STATE,,false
2011,07db,327,1,0,GAME_STATE,,false
1705,06a9,343,18,0,BLOCK_BUFFER_2,,false
1818,071a,343,1,0,GAME_STATE,ScreenLeft_PageLoc,true
50,0032,346,1,0,ZERO_PAGE,,false
130,0082,346,1,0,ZERO_PAGE,,false
155,009b,346,117,0,ZERO_PAGE,,false
168,00a8,346,254,0,ZERO_PAGE,,false
202,00ca,346,1,0,ZERO_PAGE,,false
227,00e3,346,122,0,ZERO_PAGE,,false
491,01eb,346,3,0,STACK,,false
492,01ec,346,10,255,STACK,,false
1096,0448,346,80,0,BLOCK_BUFFER_1A,,false
1264,04f0,346,112,0,BLOCK_BUFFER_1A,,false
1265,04f1,346,130,0,BLOCK_BUFFER_1A,,false
1266,04f2,346,124,0,BLOCK_BUFFER_1A,,false
1267,04f3,346,154,0,BLOCK_BUFFER_1A,,false
1864,0748,346,1,0,GAME_STATE,,false
242,00f2,347,1,0,ZERO_PAGE,,false
593,0251,347,96,0,OAM_BUFFER,,false
594,0252,347,2,0,OAM_BUFFER,,false
595,0253,347,107,0,OAM_BUFFER,,false
601,0259,347,135,0,OAM_BUFFER,,false
602,025a,347,3,0,OAM_BUFFER,,false
603,025b,347,102,0,OAM_BUFFER,,false
609,0261,347,135,0,OAM_BUFFER,,false
610,0262,347,131,0,OAM_BUFFER,,false
611,0263,347,102,0,OAM_BUFFER,,false
673,02a1,348,135,0,OAM_BUFFER,,false
674,02a2,348,3,0,OAM_BUFFER,,false
675,02a3,348,100,0,OAM_BUFFER,,false
681,02a9,348,135,0,OAM_BUFFER,,false
682,02aa,348,131,0,OAM_BUFFER,,false
683,02ab,348,100,0,OAM_BUFFER,,false
1609,0649,463,16,0,BLOCK_BUFFER_2,,false
1625,0659,463,20,0,BLOCK_BUFFER_2,,false
1641,0669,463,20,0,BLOCK_BUFFER_2,,false
1657,0679,463,20,0,BLOCK_BUFFER_2,,false
16,0010,465,1,0,ZERO_PAGE,,false
17,0011,465,1,0,ZERO_PAGE,,false
24,0018,465,6,0,ZERO_PAGE,,false
72,0048,465,2,0,ZERO_PAGE,,false
89,0059,465,248,0,ZERO_PAGE,,false
90,005a,465,248,0,ZERO_PAGE,,false
184,00b8,465,1,0,ZERO_PAGE,,false
208,00d0,465,184,0,ZERO_PAGE,,false
209,00d1,465,184,0,ZERO_PAGE,,false
553,0229,465,252,0,OAM_BUFFER,,false
554,022a,465,3,0,OAM_BUFFER,,false
555,022b,465,23,0,OAM_BUFFER,,false
1179,049b,465,9,0,BLOCK_BUFFER_1A,,false
1208,04b8,465,255,0,BLOCK_BUFFER_1A,,false
1209,04b9,465,255,0,BLOCK_BUFFER_1A,,false
1210,04ba,465,255,0,BLOCK_BUFFER_1A,,false
1211,04bb,465,255,0,BLOCK_BUFFER_1A,,false
585,0249,466,252,0,OAM_BUFFER,,false
586,024a,466,3,0,OAM_BUFFER,,false
587,024b,466,253,0,OAM_BUFFER,,false
617,0269,466,112,0,OAM_BUFFER,,false
618,026a,466,3,0,OAM_BUFFER,,false
619,026b,466,20,0,OAM_BUFFER,,false
625,0271,466,114,0,OAM_BUFFER,,false
626,0272,466,3,0,OAM_BUFFER,,false
627,0273,466,20,0,OAM_BUFFER,,false
689,02b1,467,115,0,OAM_BUFFER,,false
690,02b2,467,67,0,OAM_BUFFER,,false
691,02b3,467,249,0,OAM_BUFFER,,false
697,02b9,467,252,0,OAM_BUFFER,,false
698,02ba,467,67,0,OAM_BUFFER,,false
699,02bb,467,17,0,OAM_BUFFER,,false
705,02c1,467,113,0,OAM_BUFFER,,false
706,02c2,467,67,0,OAM_BUFFER,,false
707,02c3,467,17,0,OAM_BUFFER,,false
713,02c9,467,115,0,OAM_BUFFER,,false
714,02ca,467,67,0,OAM_BUFFER,,false
715,02cb,467,17,0,OAM_BUFFER,,false
745,02e9,468,252,0,OAM_BUFFER,,false
746,02ea,468,67,0,OAM_BUFFER,,false
747,02eb,468,247,0,OAM_BUFFER,,false
753,02f1,468,113,0,OAM_BUFFER,,false
754,02f2,468,67,0,OAM_BUFFER,,false
755,02f3,468,247,0,OAM_BUFFER,,false
761,02f9,468,115,0,OAM_BUFFER,,false
762,02fa,468,67,0,OAM_BUFFER,,false
763,02fb,468,247,0,OAM_BUFFER,,false
1610,064a,471,17,0,BLOCK_BUFFER_2,,false
1626,065a,471,21,0,BLOCK_BUFFER_2,,false
1642,066a,471,21,0,BLOCK_BUFFER_2,,false
1658,067a,471,21,0,BLOCK_BUFFER_2,,false
1376,0560,510,96,0,BLOCK_BUFFER_1B,,false
273,0111,515,1,0,STACK,,false
280,0118,515,105,0,STACK,,false
1170,0492,515,1,0,BLOCK_BUFFER_1A,,false
11,000b,561,0,4,ZERO_PAGE,,false
1874,0752,611,1,0,GAME_STATE,,false
232,00e8,613,173,166,ZERO_PAGE,,false
233,00e9,613,51,1,ZERO_PAGE,,false
234,00ea,613,161,159,ZERO_PAGE,,false
1280,0500,620,82,0,BLOCK_BUFFER_1B,,false
1296,0510,620,82,0,BLOCK_BUFFER_1B,,false
1312,0520,620,82,0,BLOCK_BUFFER_1B,,false
1328,0530,620,82,0,BLOCK_BUFFER_1B,,false
1344,0540,620,82,0,BLOCK_BUFFER_1B,,false
1360,0550,620,82,0,BLOCK_BUFFER_1B,,false
1392,0570,620,82,0,BLOCK_BUFFER_1B,,false
1408,0580,620,82,0,BLOCK_BUFFER_1B,,false
1424,0590,620,82,0,BLOCK_BUFFER_1B,,false
1440,05a0,620,82,0,BLOCK_BUFFER_1B,,false
1288,0508,624,82,0,BLOCK_BUFFER_1B,,false
1289,0509,624,82,0,BLOCK_BUFFER_1B,,false
1336,0538,624,194,0,BLOCK_BUFFER_1B,,false
1337,0539,624,194,0,BLOCK_BUFFER_1B,,false
1368,0558,624,194,0,BLOCK_BUFFER_1B,,false
1369,0559,624,194,0,BLOCK_BUFFER_1B,,false
1400,0578,624,194,0,BLOCK_BUFFER_1B,,false
1401,0579,624,194,0,BLOCK_BUFFER_1B,,false
1416,0588,624,82,0,BLOCK_BUFFER_1B,,false
1417,0589,624,82,0,BLOCK_BUFFER_1B,,false
1432,0598,624,82,0,BLOCK_BUFFER_1B,,false
1433,0599,624,82,0,BLOCK_BUFFER_1B,,false
1448,05a8,624,82,0,BLOCK_BUFFER_1B,,false
1449,05a9,624,82,0,BLOCK_BUFFER_1B,,false
1290,050a,625,82,0,BLOCK_BUFFER_1B,,false
1370,055a,625,194,0,BLOCK_BUFFER_1B,,false
1402,057a,625,194,0,BLOCK_BUFFER_1B,,false
1418,058a,625,82,0,BLOCK_BUFFER_1B,,false
1434,059a,625,82,0,BLOCK_BUFFER_1B,,false
1450,05aa,625,82,0,BLOCK_BUFFER_1B,,false
1488,05d0,628,21,0,BLOCK_BUFFER_2,,false
1504,05e0,628,21,0,BLOCK_BUFFER_2,,false
1520,05f0,628,21,0,BLOCK_BUFFER_2,,false
1536,0600,628,21,0,BLOCK_BUFFER_2,,false
1552,0610,628,21,0,BLOCK_BUFFER_2,,false
1568,0620,628,21,0,BLOCK_BUFFER_2,,false
1584,0630,628,21,0,BLOCK_BUFFER_2,,false
1616,0650,628,21,0,BLOCK_BUFFER_2,,false
1632,0660,628,21,0,BLOCK_BUFFER_2,,false
1648,0670,628,21,0,BLOCK_BUFFER_2,,false
1827,0723,630,1,0,GAME_STATE,ScrollLock,true
115,0073,637,3,0,ZERO_PAGE,,false
1873,0751,637,10,0,GAME_STATE,,false
2016,07e0,712,1,0,GAME_STATE,,false
2010,07da,713,1,0,GAME_STATE,,false
1832,0728,927,10,0,GAME_STATE,,false
1427,0593,935,18,0,BLOCK_BUFFER_1B,,false
1443,05a3,935,20,0,BLOCK_BUFFER_1B,,false
1403,057b,939,81,0,BLOCK_BUFFER_1B,,false
1635,0663,943,18,0,BLOCK_BUFFER_2,,false
1651,0673,943,20,0,BLOCK_BUFFER_2,,false
1624,0658,1096,97,0,BLOCK_BUFFER_2,,false
1640,0668,1096,97,0,BLOCK_BUFFER_2,,false
1656,0678,1096,97,0,BLOCK_BUFFER_2,,false
1593,0639,1100,97,0,BLOCK_BUFFER_2,,false
27,001b,1106,0,46,ZERO_PAGE,,false
35,0023,1106,0,1,ZERO_PAGE,,false
187,00bb,1106,0,1,ZERO_PAGE,,false
1578,062a,1112,97,0,BLOCK_BUFFER_2,,false
1594,063a,1112,97,0,BLOCK_BUFFER_2,,false
1563,061b,1116,97,0,BLOCK_BUFFER_2,,false
1579,062b,1116,97,0,BLOCK_BUFFER_2,,false
1595,063b,1116,97,0,BLOCK_BUFFER_2,,false
1611,064b,1116,97,0,BLOCK_BUFFER_2,,false
1627,065b,1116,97,0,BLOCK_BUFFER_2,,false
1643,066b,1116,97,0,BLOCK_BUFFER_2,,false
1659,067b,1116,97,0,BLOCK_BUFFER_2,,false
633,0279,1126,0,120,OAM_BUFFER,,false
634,027a,1126,0,34,OAM_BUFFER,,false
635,027b,1126,0,68,OAM_BUFFER,,false
75,004b,1172,0,1,ZERO_PAGE,,false
1811,0713,1287,64,0,GAME_STATE,,false
641,0281,1288,251,0,OAM_BUFFER,,false
642,0282,1288,1,0,OAM_BUFFER,,false
643,0283,1288,142,0,OAM_BUFFER,,false
1969,07b1,1354,32,0,GAME_STATE,,false
2018,07e2,1414,5,0,GAME_STATE,,false
2009,07d9,1546,1,0,GAME_STATE,,false
1888,0760,1943,1,0,GAME_STATE,LevelNumber,true
1435,059b,2096,29,0,BLOCK_BUFFER_1B,,false
1451,05ab,2096,32,0,BLOCK_BUFFER_1B,,false
1897,0769,2442,1,0,GAME_STATE,,false
1291,050b,2456,82,0,BLOCK_BUFFER_1B,,false
1489,05d1,2459,82,0,BLOCK_BUFFER_2,,false
1649,0671,2459,97,0,BLOCK_BUFFER_2,,false
1490,05d2,2460,82,0,BLOCK_BUFFER_2,,false
1491,05d3,2460,82,0,BLOCK_BUFFER_2,,false
161,00a1,2490,1,0,ZERO_PAGE,,false
1496,05d8,2552,82,0,BLOCK_BUFFER_2,,false
1497,05d9,2556,82,0,BLOCK_BUFFER_2,,false
1498,05da,2569,82,0,BLOCK_BUFFER_2,,false
1499,05db,2573,82,0,BLOCK_BUFFER_2,,false
1281,0501,2611,82,0,BLOCK_BUFFER_1B,,false
1425,0591,2611,97,0,BLOCK_BUFFER_1B,,false
1441,05a1,2611,97,0,BLOCK_BUFFER_1B,,false
1282,0502,2620,82,0,BLOCK_BUFFER_1B,,false
1283,0503,2624,82,0,BLOCK_BUFFER_1B,,false
1384,0568,2658,194,0,BLOCK_BUFFER_1B,,false
1385,0569,2662,82,0,BLOCK_BUFFER_1B,,false
1338,053a,2671,194,0,BLOCK_BUFFER_1B,,false
1339,053b,2675,194,0,BLOCK_BUFFER_1B,,false
1371,055b,2675,82,0,BLOCK_BUFFER_1B,,false
1514,05ea,2774,82,0,BLOCK_BUFFER_2,,false
1530,05fa,2774,82,0,BLOCK_BUFFER_2,,false
1515,05eb,2779,82,0,BLOCK_BUFFER_2,,false
1531,05fb,2779,82,0,BLOCK_BUFFER_2,,false
144,0090,2796,240,0,ZERO_PAGE,,false
169,00a9,2796,254,0,ZERO_PAGE,,false
216,00d8,2796,30,0,ZERO_PAGE,,false
18,0012,2819,1,0,ZERO_PAGE,,false
25,0019,2819,6,0,ZERO_PAGE,,false
73,0049,2819,2,0,ZERO_PAGE,,false
91,005b,2819,248,0,ZERO_PAGE,,false
185,00b9,2819,1,0,ZERO_PAGE,,false
210,00d2,2819,184,0,ZERO_PAGE,,false
1298,0512,2825,82,0,BLOCK_BUFFER_1B,,false
1314,0522,2825,82,0,BLOCK_BUFFER_1B,,false
1299,0513,2829,82,0,BLOCK_BUFFER_1B,,false
1315,0523,2829,82,0,BLOCK_BUFFER_1B,,false
1331,0533,2829,82,0,BLOCK_BUFFER_1B,,false
1347,0543,2829,82,0,BLOCK_BUFFER_1B,,false
1363,0553,2829,82,0,BLOCK_BUFFER_1B,,false
1379,0563,2829,82,0,BLOCK_BUFFER_1B,,false
1395,0573,2829,82,0,BLOCK_BUFFER_1B,,false
19,0013,2832,1,0,ZERO_PAGE,,false
26,001a,2832,6,0,ZERO_PAGE,,false
74,004a,2832,2,0,ZERO_PAGE,,false
186,00ba,2832,1,0,ZERO_PAGE,,false
211,00d3,2832,184,0,ZERO_PAGE,,false
1216,04c0,2833,255,0,BLOCK_BUFFER_1A,,false
1217,04c1,2833,255,0,BLOCK_BUFFER_1A,,false
1218,04c2,2833,255,0,BLOCK_BUFFER_1A,,false
1219,04c3,2833,255,0,BLOCK_BUFFER_1A,,false
1352,0548,2863,82,0,BLOCK_BUFFER_1B,,false
1353,0549,2867,82,0,BLOCK_BUFFER_1B,,false
487,01e7,2885,3,255,STACK,,false
488,01e8,2885,10,0,STACK,,false
489,01e9,2885,1,0,STACK,,false
490,01ea,2885,56,0,STACK,,false
34,0022,2896,4,0,ZERO_PAGE,,false
283,011b,2896,109,0,STACK,,false
290,0122,2896,183,0,STACK,,false
304,0130,2896,47,0,STACK,,false
1946,079a,2896,16,0,GAME_STATE,,false
49,0031,2932,1,0,ZERO_PAGE,,false
129,0081,2932,4,0,ZERO_PAGE,,false
154,009a,2932,69,0,ZERO_PAGE,,false
179,00b3,2932,251,0,ZERO_PAGE,,false
201,00c9,2932,1,0,ZERO_PAGE,,false
226,00e2,2932,123,0,ZERO_PAGE,,false
160,00a0,2944,1,0,ZERO_PAGE,,false
1544,0608,2966,194,0,BLOCK_BUFFER_2,,false
1576,0628,2966,82,0,BLOCK_BUFFER_2,,false
1592,0638,2966,82,0,BLOCK_BUFFER_2,,false
1545,0609,2970,194,0,BLOCK_BUFFER_2,,false
1577,0629,2970,82,0,BLOCK_BUFFER_2,,false
32,0020,2984,4,0,ZERO_PAGE,,false
274,0112,2984,1,0,STACK,,false
281,0119,2984,117,0,STACK,,false
288,0120,2984,119,0,STACK,,false
1171,0493,2984,1,0,BLOCK_BUFFER_1A,,false
1944,0798,2984,16,0,GAME_STATE,,false
57,0039,3070,3,0,ZERO_PAGE,,false
1930,078a,3109,64,0,GAME_STATE,,false
1585,0631,3329,82,0,BLOCK_BUFFER_2,,false
1586,0632,3338,82,0,BLOCK_BUFFER_2,,false
1587,0633,3342,82,0,BLOCK_BUFFER_2,,false
1409,0581,3431,82,0,BLOCK_BUFFER_1B,,false
1410,0582,3440,82,0,BLOCK_BUFFER_1B,,false
1426,0592,3440,82,0,BLOCK_BUFFER_1B,,false
1442,05a2,3440,82,0,BLOCK_BUFFER_1B,,false
1411,0583,3444,82,0,BLOCK_BUFFER_1B,,false
1304,0518,3479,20,0,BLOCK_BUFFER_1B,,false
1320,0528,3479,20,0,BLOCK_BUFFER_1B,,false
1305,0519,3483,21,0,BLOCK_BUFFER_1B,,false
1321,0529,3483,21,0,BLOCK_BUFFER_1B,,false
1306,051a,3491,82,0,BLOCK_BUFFER_1B,,false
1322,052a,3491,82,0,BLOCK_BUFFER_1B,,false
1354,054a,3491,82,0,BLOCK_BUFFER_1B,,false
1386,056a,3491,82,0,BLOCK_BUFFER_1B,,false
1307,051b,3495,82,0,BLOCK_BUFFER_1B,,false
1323,052b,3495,82,0,BLOCK_BUFFER_1B,,false
1355,054b,3495,82,0,BLOCK_BUFFER_1B,,false
1387,056b,3495,82,0,BLOCK_BUFFER_1B,,false
1419,058b,3495,82,0,BLOCK_BUFFER_1B,,false
1618,0652,3543,16,0,BLOCK_BUFFER_2,,false
1634,0662,3543,20,0,BLOCK_BUFFER_2,,false
1650,0672,3543,20,0,BLOCK_BUFFER_2,,false
163,00a3,3544,1,0,ZERO_PAGE,,false
1619,0653,3547,17,0,BLOCK_BUFFER_2,,false
1297,0511,3675,82,0,BLOCK_BUFFER_1B,,false
1313,0521,3675,82,0,BLOCK_BUFFER_1B,,false
1329,0531,3675,82,0,BLOCK_BUFFER_1B,,false
1345,0541,3675,82,0,BLOCK_BUFFER_1B,,false
1361,0551,3675,82,0,BLOCK_BUFFER_1B,,false
1377,0561,3675,82,0,BLOCK_BUFFER_1B,,false
1393,0571,3675,82,0,BLOCK_BUFFER_1B,,false
1931,078b,3679,64,0,GAME_STATE,,false
1330,0532,3684,82,0,BLOCK_BUFFER_1B,,false
1346,0542,3684,82,0,BLOCK_BUFFER_1B,,false
1362,0552,3684,82,0,BLOCK_BUFFER_1B,,false
1378,0562,3684,82,0,BLOCK_BUFFER_1B,,false
1394,0572,3684,82,0,BLOCK_BUFFER_1B,,false
1857,0741,3815,2,0,GAME_STATE,,false
162,00a2,4098,253,0,ZERO_PAGE,,false
1739,06cb,4098,18,0,BLOCK_BUFFER_2,,false
1560,0618,4653,194,0,BLOCK_BUFFER_2,,false
1561,0619,4657,194,0,BLOCK_BUFFER_2,,false
1562,061a,4666,194,0,BLOCK_BUFFER_2,,false
1602,0642,4820,192,0,BLOCK_BUFFER_2,,false
1603,0643,4824,192,0,BLOCK_BUFFER_2,,false
1994,07ca,4937,0,148,GAME_STATE,,false
33,0021,5008,5,0,ZERO_PAGE,,false
1633,0661,5220,97,0,BLOCK_BUFFER_2,,false
